Miesiac,JDG
2022-06,
2022-07,
2022-08,
2022-09,
2022-10,
2022-11,
2022-12,
2023-01,
2023-02,
2023-03,
2023-04,
2023-05,
2023-06,
2023-07,
2023-08,
2023-09,
2023-10,
2023-11,
2023-12,
2024-01,
2024-02,
2024-03,
2024-04,
2024-05,
2024-06,
2024-07,zawieszona
2024-08,zawieszona
2024-09,zawieszona
2024-10,zawieszona
2024-11,
2024-12,zawieszona
2025-01,zawieszona
2025-02,
2025-03,
2025-04,
2025-05,
2025-06,zawieszona
2025-07,zawieszona
2025-08,zawieszona
2025-09,
2025-10,zawieszona
2025-11,zawieszona
2025-12,zawieszona
2026-01,zawieszona
2026-02,zawieszona
2026-03,
2026-04,zawieszona
